adult,backdrop_path,genre_ids,id,original_language,original_title,overview,popularity,poster_path,release_date,title,video,vote_average,vote_count
False,/6YjnTRBz704LF1uJ3ZC4wsS9T8r.jpg,"[28, 80, 53]",1290821,en,Shelter,"과거를 등진 채 침묵의 섬에 숨어든 남자, 아이를 구한 순간 잠들었던 본능이 깨어난다.  스코틀랜드의 외딴 섬 lighthouse에서 개 한 마리와 함께 은둔하며 살아가는 전직 특수 요원 메이슨. 그는 술과 체스, 그리고 그림으로 과거의 잔혹한 기억을 지우며 스스로를 고립시킨다. 유일한 바깥세상과의 연결고리는 정기적으로 보급품을 나르는 어린 소녀 제시뿐이다. 어느 날, 거센 폭풍우 속에서 목숨을 잃을 위기에 처한 제시를 구하기 위해 그는 평생 지켜온 금기를 깨고 세상 밖으로 모습을 드러낸다. 단 한 번의 자비로운 선택은 도미노처럼 거대한 위협을 불러오고, 메이슨은 자신을 뒤쫓는 과거의 그림자로부터 아이를 지키기 위해 런던의 어두운 지하 세계로 뛰어든다. 가장 소중한 것을 지키기 위해 가장 잔인해져야만 하는 남자의 처절한 생존 여정이 시작된다.",511.2021,/buPFnHZ3xQy6vZEHxbHgL1Pc6CR.jpg,2026-01-28,쉘터,False,6.7,187
False,/hYgUkH7TusddHRtelj53I6gFOWR.jpg,"[28, 53]",799882,en,The Bluff,"전에 모시던 선장이 복수심을 품고 나타나자, 외딴섬에서 평온하게 지내던 여자의 삶은 산산조각 난다. 노련한 해적이었던 여자는 피로 물든 과거를 마주하고 치명적인 개인기를 발휘하여 무자비한 포위전으로부터 가족을 지켜야만 한다.",351.7914,/al8uU4GVyxvYZlTD4n4HYcxWFDz.jpg,2026-02-17,더 블러프,False,6.015,134
False,/bAFnjhweXxHUWjmFzMTuX12Ud3b.jpg,[53],1199193,en,Pose,,305.1047,/qhyyyWrHUbl6QG4udAJj17CBa5.jpg,2026-02-25,Pose,False,8.2,10
False,/hz7TdCrpLLt2Dz7S3PS2HG9rpAO.jpg,"[27, 9648, 80]",1159559,en,Scream 7,,231.4379,/jjyuk0edLiW8vOSnlfwWCCLpbh5.jpg,2026-02-25,스크림 7,False,5.978,180
False,/nTbO6UF944b0VZrgypMK5rFYRSW.jpg,"[9648, 18, 27]",680493,en,Return to Silent Hill,"침묵이 지배하는 안개 속 도시, 잃어버린 사랑을 찾기 위한 잔혹한 여정이 다시 시작된다. 기억 속에서 지워지지 않는 옛 연인 메리를 되찾기 위해 제임스는 정체 모를 편지에 이끌려 다시 사일런트 힐로 향한다. 하지만 그를 기다리고 있는 것은 낯익으면서도 낯선 공포, 그리고 기괴하게 뒤틀린 괴물들이 장악한 심연의 세계다. 안개 너머에 숨겨진 진실에 다가갈수록 제임스는 자신의 어두운 내면과 마주하게 되고, 현실과 악몽의 경계는 점점 무너지기 시작한다. 과연 그는 이 지옥 같은 도시에서 메리를 구해내고 무사히 탈출할 수 있을 것인가, 아니면 영원히 안개 속에 갇히게 될 것인가.",212.9702,/lSzmchPGjy6gjLMCpousS3vQAjS.jpg,2026-01-21,리턴 투 사일런트 힐,False,5.0,224
False,/7HKpc11uQfxnw0Y8tRUYn1fsKqE.jpg,"[878, 28, 53]",1236153,en,Mercy,모든 진실을 데이터로만 판단하는 냉혹한 AI 재판 시스템 ‘MERCY’에 맞서 사형을 피하기 위해 90분 안에 자신의 무죄를 증명해야 하는 형사(크리스 프랫)의 숨 막히는 반격을 그린 타임리미트 스릴러,190.2171,/fQ8Q3VAybCt6fHFJQD0kwd5azNL.jpg,2026-01-20,노 머시: 90분,False,7.112,619
False,/1gLFGrxHqQebqLWpISmoFR6XWtJ.jpg,"[28, 53]",1088434,en,Hellfire,,186.9422,/tQti9QTf13MfzNpXguijgNh7ojE.jpg,2026-02-05,Hellfire,False,7.167,42
False,/vOV4Qy3g791OTzEndiSGoJwuI2M.jpg,"[53, 28, 12, 18, 14]",1401778,en,Turbulence,"잭과 에미는 관계를 회복하기 위해 이탈리아 돌로미티를 가로지르는 열기구 여행을 떠나기로 한다. 파일럿 해리와 제3의 승객 줄리아가 합류하면서, 상공 5,000미터에서 그들이 상상조차 하지 못한 일들이 벌어지기 시작한다.",212.9034,/jRuiKL4S9UpLma2ZlM47xIu2gbe.jpg,2025-11-26,터뷸런스,False,5.6,54
False,/ImIRPOvlxKC1jsKld5ZEpxmvmV.jpg,"[28, 80, 53]",1461181,en,Hierarchy,,184.003,/3KVq24NkOn98nrSEAFphnRWVWNd.jpg,2025-08-15,Hierarchy,False,5.8,9
False,/hoqE4Saa4fQyWhUxws2Lw4qv2oz.jpg,[],937101,zh,動物感傷の清晨,"사회적으로 고립된 음식 배달원 마쓰이는 다정하고 사랑스러운 칭에게 푹 빠져 따뜻함을 얻고, 이 삶이 지속되기를 갈망한다. 그녀는 어느 날 홀연히 사라지고 마쓰이는 깊은 절망에 빠져 일상의 균형을 깨뜨리기 시작한다. 시간이 흘러 돼지 사육장에서 일하던 그는 사고로 반신불수가 되고, 그녀와 마주하게 되는데…",164.011,/dUcIdXXBBFhJcvnNhdpcxHN2UTL.jpg,2023-10-13,쾌락의 법칙,False,7.333,3
False,/OO75q1cTWWXDmy52bB79yzpxBt.jpg,"[53, 878, 80, 28]",1266798,fr,Chien 51,,176.5445,/6pSkQRQxxC5AJ82aKbp1lFXQnXo.jpg,2025-10-15,도그 51,False,6.3,207
False,,"[10749, 18]",1523145,ru,Твое сердце будет разбито,,158.8792,/iGpMm603GUKH2SiXB2S5m4sZ17t.jpg,2026-03-26,Твое сердце будет разбито,False,0.0,0
False,/5BeOSbwt6BR7q2Fax70lF4AIshD.jpg,"[16, 35, 12, 10751, 9648]",1084242,en,Zootopia 2,"미스터리한 뱀 게리가 나타난 순간, 주토피아가 다시 흔들리기 시작했다! 혼란에 빠진 도시를 구하기 위해 환상의 콤비 주디와 닉이 잠입 수사에 나서고 상상 그 이상의 진실과 위협을 마주하게 되는데...!",147.8408,/ib6v6qUXzez1x2qIOLN7C0yJNPQ.jpg,2025-11-26,주토피아 2,False,7.606,1906
False,/tn95fumbkVAgXjOuw9CQOg0aYQz.jpg,"[28, 80, 18, 53]",1419406,zh,捕风追影,"첨단 감시 시스템과 삼엄한 보안망을 무력화하고, 수십억을 탈취한 정체불명의 범죄 조직. 통제 불능의 범죄에 마카오 경찰은 결국 은퇴한 전설의 범죄 추적 전문가 ‘황더중’에게 도움을 요청한다. 황더중은 신입 경찰 ‘허추궈’와 함께 최정예 감시반을 구성해, 범죄 조직의 수장 ‘푸룽성’을 추적하기 시작한다. 하지만 수사망이 조여올수록 상대의 덫과 함정은 더욱 교묘해지고, 예상치 못한 반격 속에 황더중 역시 추적당하기 시작하는데…",144.4169,/uiIT7CsJ4V7rMnTqy7xYvj9IRhs.jpg,2025-08-16,포풍추영,False,7.249,456
False,/lmns2jlRmATs8OGWKcCkgrbHLM4.jpg,"[28, 18]",1634301,te,Vanaveera,,151.4164,/oBYExKI8E3bTzQjPkofhpV2EJon.jpg,2026-02-13,Vanaveera,False,2.0,1
False,/u9jE0R1nvkmdWu3bt7Op8joPywa.jpg,"[12, 53, 878]",840464,en,Greenland 2: Migration,생존한 개리티 가족은 안전한 그린란드 벙커를 떠나 폐허가 된 얼어붙은 유럽의 황무지를 가로질러 새로운 보금자리를 찾기 위한 위험한 여정을 시작한다.,119.2106,/z2tqCJLsw6uEJ8nJV8BsQXGa3dr.jpg,2026-01-07,그린랜드 2,False,6.51,538
False,/sdZSjtGUTSN8B3al5o0f2WoQfQQ.jpg,"[878, 12, 14]",83533,en,Avatar: Fire and Ash,"인간들과의 전쟁으로 첫째 아들 ‘네테이얌’을 잃은 후, ‘제이크’와 ‘네이티리’는 깊은 슬픔에 빠진다. 상실에 빠진 이들 앞에 '바랑'이 이끄는 재의 부족이 등장하면서, 판도라는 더욱 큰 위험에 빠지게 되고, ‘설리’ 가족은 선택의 기로에 서게 되는데…",115.8725,/l18o0AK18KS118tWeROOKYkF0ng.jpg,2025-12-17,아바타: 불과 재,False,7.276,1845
False,/z4hZZQ1GRuNGdeeWfKZIt8PXrmX.jpg,[28],1244975,fr,Les Orphelins,"과격하지만 재능있는 소녀 '레일라'는 경기를 망친 후 엄마와 집에 가는 도중 마약에 취해 난폭운전을 하던 로벨리보안회사 대표의 아들의 차에 사고를 당해 엄마는 사망한다. 이에 엄마와 같은 고아원에서 자란 친구들인 경찰 '가브'와 해결사 '드리스'는 18년 간의 소원함을 접고 함께 사건을 해결하려 한다. 로벨리보안회사 대표 로벨리는 이 사건을 덮으려 하고, 우연히 잡지 기사에서 로벨리 아들의 존재를 알아낸 레일라는 '가브'의 총을 훔쳐 로벨리의 저택으로 향한다. 로벨리의 저택에 침입한 레이라는 아들의 참회를 듣지만 로벨리의 제지와 아들이 자기 머리에 스스로 총을 겨누는 상황에 집을 빠져 나오는데 총성이 울린다. 총을 잃어 버린 가브는 돌아온 레일라에게 상황을 듣고 셋은 다시 로벨리 저택으로 향한다. 그 사이 로벨리 아들은 자살을 택하고 엄마 로벨리는 분노에 레일라를 납치 하려 한다. 하지만, 특수부대 출신들인 '가브'와 '드리스'는 로벨리 조직원들과 비아리츠 를 횡단 하며 벌이는 격렬한 총격전과 카체이스 추격전를 벌이며 '레일라'를 구하고 복수를 마무리 짖는다.",95.7573,/e08WqjLKqcw6HqHK9QlH0XGxyGb.jpg,2025-08-20,오펀스:복수자들,False,6.153,62
False,/uM5i623wwNfoGD97iwwQWQ7GlZL.jpg,"[18, 878]",1032892,en,In the Blink of an Eye,"희망과 연결, 생명의 순환에 관한 세 가지 이야기가 서로 교차하며 수천 년에 걸쳐 펼쳐진다.",101.9221,/YuS5vX8PG07anpOrZJLyb1g50v.jpg,2026-01-26,눈 깜짝할 사이에,False,4.167,40
False,/jFKbhV0uFZuA3K73UJIq1dzisCi.jpg,"[16, 878, 12, 14, 10751]",804370,fr,Arco,"2075년, 자연이 너무 위험해져 아이들은 돔 안에서 생활하고, 부모 없이 로봇에 의해 양육된다. 열 살 소녀 아이리스는 어느 날, 자신이 2932년 미래에서 왔으며 무지개를 타고 하늘을 날 수 있다고 말하는 동갑내기 소년 아르코를 만나며 희망의 빛을 발견하게 된다.",102.8511,/452fi4x08vqfaFpIEI9fsK7Zs4D.jpg,2025-10-22,아르코,False,7.6,92
False,/wmTBmCLPZSX5eAVAiBf8td8Hb9g.jpg,"[16, 35, 10751, 14, 12]",1497970,zh,猫和老鼠：星盘奇缘,"세기의 콤비 톰과 제리, 최초 3D 탄생! 마법의 나침반을 깨운 톰과 제리의 차원이동이 시작된다! 박물관 경비원으로 일하는 톰은 몰래 들어온 제리를 쫓다 우연히 마법의 황금나침반을 깨우게 되고, 신비로운 빛에 휩싸여 동양의 한 고대도시에 불시착한다 뜻밖의 차원이동을 하게 된 톰과 제리는 300년 동안 고대도시를 지켜온 봉황사부와 그의 친구들을 만나 기상천외한 모험을 시작하는데…! 황금나침반을 이용해 천계로 돌아가야 하는 봉황사부와 톰과 제리의 시공을 초월한 모험이 펼쳐진다!",110.8217,/fwtu3bazam69kAIlzilf4irGroX.jpg,2025-08-02,톰과 제리: 황금나침반 대소동,False,5.444,9
False,/5Q71GYwh2mOz5rr8tPTcvbeBWtN.jpg,"[18, 9648, 53]",1368166,en,The Housemaid,과거를 숨긴 채 완벽한 저택의 가정부로 들어간 밀리가 이상한 행동을 보이는 아내 니나와 그런 아내를 이해하는 모범적인 남편 앤드루와 얽히며 닫힌 문 뒤의 거짓과 마주하게 되는 월드 베스트셀러 원작의 고자극 미스터리 스릴러,91.7341,/fUDX16A4fJXmAuUA5t0pnqzXS0b.jpg,2025-12-18,하우스메이드,False,7.256,1369
False,/uzZ7LUx4Bb3nZXjvBx5PiqTE7rk.jpg,[28],1301306,en,A Woman Scorned,군생활의 트라우마를 안고 있는 자스. 그녀를 도우려는 여동생과 한적한 시골로 여행을 한다. 하지만 우연히 만난 로칼 갱단들의 공격으로 여동생은 참혹하게 살해당한다. 자스는 살인범들에게 피비린내 나는 복수를 시작한다.,83.9489,/k0H8SQjByFPTeeJsmQ6K6o9XrId.jpg,2025-06-09,복수는 악마처럼,False,6.346,13
False,/iZLqwEwUViJdSkGVjePGhxYzbDb.jpg,"[878, 53]",755898,en,War of the Worlds,"전설적인 동명 소설을 새롭게 재해석한 이번 작품은 거대한 침공의 서막을 알린다. 에바 롱고리아와 전설적인 래퍼이자 배우 아이스 큐브, 그리고 마이클 오닐과 이만 벤슨이 합류해, 기술과 감시, 사생활이라는 현대적 주제를 아우르는 짜릿한 우주급 모험을 선보인다.",91.8473,/yvirUYrva23IudARHn3mMGVxWqM.jpg,2025-07-29,우주전쟁,False,4.181,904
False,/cz4vLJrmaV1zJlRYbxqtvLzeLWB.jpg,"[28, 35, 80, 9648]",1168190,en,The Wrecking Crew,"'더 레킹 크루'는 사이가 멀어진 이복형제의 이야기를 다룬다. 조니와 제임스는 아버지의 의문스러운 죽음 이후 다시 뭉치게 된다. 진실을 쫓는 과정에서 묻혀 있던 비밀들이 밝혀지고, 가족을 갈라놓을 수 있는 거대한 음모가 드러난다.",88.2853,/bG8BPNRoOvTC9wIos7DIH1YWOqN.jpg,2026-01-28,더 레킹 크루,False,6.934,723
False,/gaKFXcB5J1gz0QqYj8bWIfrPc04.jpg,"[28, 878, 12]",1242898,en,Predator: Badlands,"프레데터로서 존재를 증명하기 위해 우주에서 가장 위험한 행성으로 첫 사냥에 나선 덱. 죽음의 땅에 도사린 모든 것으로부터 공격을 받던 순간, 휴머노이드 티아를 만난다. 최상위 포식자 칼리스크에 맞서게 된 둘은 생존과 각자의 목적을 위해 극한의 사투를 벌이게 되는데…",89.2951,/8lpCbwbYh9SSzCFsHDndZHKrcD4.jpg,2025-11-05,프레데터: 죽음의 땅,False,7.718,2218
False,/hHDNOlATHhre4eZ7aYz5cdyJLik.jpg,"[27, 53, 878]",1272837,en,28 Years Later: The Bone Temple,"분노 바이러스로부터 격리된 섬 홀리아일랜드로 돌아가지 않고 본토에 남기로 한 스파이크, 감염자와 공존하며 살아가는 켈슨 박사, 정체불명 인간 집단의 리더 지미가 얽히고 설키며 벌어지는 이야기",98.1857,/ubgOSHAEhv1ds8BNHodhCcI13oH.jpg,2026-01-14,28년 후: 뼈의 사원,False,7.188,717
False,/vSQSYd2zZTqc0zmHImwWEGGluMI.jpg,"[10749, 18]",1316092,en,"""Wuthering Heights""","자유를 꿈꾸는 캐서린과 상처 입은 영혼 히스클리프, 서로에게 완전히 빠져든 두 사람의 치명적인 사랑을 담은 이야기",79.5161,/oDXVQRHTomnm9N569Pu2d38IubP.jpg,2026-02-11,“폭풍의 언덕”,False,6.488,428
False,/lNYympQM5O6QSInusbyG9eJDIe4.jpg,"[16, 28, 14]",1311031,ja,劇場版「鬼滅の刃」無限城編 第一章 猗窩座再来,"혈귀로 변해버린 여동생 네즈코를 인간으로 되돌리기 위해 혈귀를 사냥하는 조직인 《귀살대》에 입대한 카마도 탄지로. 입대 후 동료인 아가츠마 젠이츠, 하시비라 이노스케와 함께 많은 혈귀와 싸우고, 성장하면서 세 사람의 우정과 유대는 깊어진다. 탄지로는 《귀살대》 최고위 검사인 《주》와도 함께 싸웠다. 「무한열차」에서는 염주・렌고쿠 쿄쥬로, 「유곽」에서는 음주・우즈이 텐겐, 「도공 마을」에서는 하주・토키토 무이치로, 연주・칸로지 미츠리와 함께 혈귀를 상대로 격렬한 전투를 벌였다. 그 후 다가올 혈귀와의 결전에 대비해 귀살대원들과 함께 《주》가 주도하는 합동 강화 훈련에 참가해 훈련을 받던 도중 《귀살대》의 본부인 우부야시키 저택에 나타난 키부츠지 무잔. 어르신의 위기에 달려온 《주》들과 탄지로였지만, 무잔의 술수로 의문의 공간으로 떨어지고 말았는데. 탄지로 일행이 떨어진 곳, 그곳은 혈귀의 본거지 《무한성》─ “귀살대”와 “혈귀”의 최종 결전의 포문이 열린다.",87.1472,/m6Dho6hDCcL5KI8mOQNemZAedFI.jpg,2025-07-18,극장판 귀멸의 칼날: 무한성편,False,7.672,745
False,/w1Z1I9PqTK5UjG6RVAFXLCjp1Sw.jpg,"[878, 28, 53]",434853,en,Space/Time,,72.7122,/uje1ecKMnNpZp0at5TxlvVgVXqI.jpg,2025-05-01,Space/Time,False,5.786,35
False,/wt0gb7ISUf8IyaJ4tnZVltvWoo7.jpg,[27],1353333,en,Mouseboat Massacre,,80.3048,/ctKqevqOwbeVg5GLQLu5VvnCjan.jpg,2025-05-09,Mouseboat Massacre,False,5.5,25
False,/cugd16e3WbCG3Zogb8N7lwUnVXH.jpg,"[14, 28, 12]",1253000,en,Deathstalker,,65.7269,/nEI3DnzQC1afAjJOAizx6UX27pL.jpg,2025-10-10,Deathstalker,False,6.2,53
False,/1qwhYqg7YEZajh3Q4biqbuQoDq8.jpg,"[16, 35, 10751, 28]",1297842,en,GOAT,"큰 꿈을 품은 작은 염소 윌은 세계에서 가장 빠르고 사나운 동물들이 지배하는 고강도 혼성 풀컨택트 스포츠 ‘로어볼’의 프로 리그에 합류할 단 한 번의 기회를 얻게 된다. 새 팀의 동료들은 작은 염소가 팀 명단에 오른 것을 탐탁지 않게 여기지만, 윌은 ‘작아도 충분히 해낼 수 있다’는 것을 증명하고 스포츠의 판도를 바꾸겠다는 굳은 결의를 다진다. 이를 위해 그는 지금까지 한 번도 해본 적 없는 도전에 나서야 한다.",67.267,/wfuqMlaExcoYiUEvKfVpUTt1v4u.jpg,2026-02-11,고트,False,7.5,85
False,/q2UhJtqp4ONeARofhpIHx4S0ElU.jpg,[18],1549519,tl,Sex Trip,,79.4154,/sr4sLilBbPx4TfPnX2zzUxlySgu.jpg,2026-02-20,Sex Trip,False,7.0,2
False,/oJRlYxfG10h4sxk2A7fpeOZnaFi.jpg,"[27, 878]",9276,en,The Faculty,"재정난에 허덕이고 있는 해링톤 고등학교에서는 주민들의 환호를 받고 있는 아메리칸 풋볼팀 외에는 학생 교사 모두 무기력하기만 하다.  이 학교에는 아웃사이더 6명이 있다. 치어 리더이자 학보 편집장인 미모의 여학생 딜라일라(조다나 브루스터), 사람과 어울리지 않기 위해 레즈비언인 척 하는 스토클리(클리어 듀발), 교통사고로 부모를 잃은 후 전학 온 메리베스(로라 해리스), 학교의 사고뭉치 제키(조쉬 하트넷), 모범생이지만 학생들에게는 왕따인 케이시(엘리야 우드), 풋볼팀 쿼터백으로 엄청난 인기를 누리지만 풋볼팀과 대우받는 현실이 싫어 팀을 나온 스탠(숀 해토시)이 그들이다.  이들 아웃사이더는 교사들의 미움을 받던 드레이크 교장이 살해되자 범인을 찾기 위해 나선다. 그런데 이후 교사들이 하나씩 차례대로 살해되자 서로가 서로를 의심하는 혼란에 빠지기도 한다.  하지만 생물선생님인 펄롱이 죽던 날 케이시가 풋볼 경기장에서 결정적인 단서를 얻는데...",63.6252,/6K7B7TpmTsRaFFvRnFnJTf8F14U.jpg,1998-12-25,패컬티,False,6.563,2187
False,/coyHrYHD2xHhDoYD6o4uwoJ2o7b.jpg,"[16, 10751, 35, 12]",1084244,en,Toy Story 5,,61.9651,/xbYSn0ZkAjbIYQhV5H2WD7fsyfq.jpg,2026-06-17,토이 스토리 5,False,0.0,0
False,/jwRbJMGO3OZCwFLoJXn8tEbatJ2.jpg,[27],1375831,en,Diabolic,,59.2486,/3qikoc12LQH6upkLZZlJY8wEZvN.jpg,2025-11-20,Diabolic,False,7.214,21
False,/fAF3VGFBpItWNROmiGob60n0y5.jpg,[27],1242937,en,The Dreadful,"중세 영국에서 앤과 그녀의 권위적인 시어머니 모웬은 사회 변두리에서 힘겹게 살아남는다. 그러던 중 앤의 과거와 관련된 한 남자가 전쟁에서 돌아오고, 신비로운 기사를 통해 저주가 서서히 드러나며 그들 모두를 파멸로 이끌기 시작한다.",53.7243,/hGH8Ji7pG2ytHxo7ABqHM3TpzFA.jpg,2026-02-20,더 드레드풀,False,6.5,47
False,/i275mAQP4KhPtYUpMUgBGMmK4WN.jpg,"[27, 53, 18]",1249508,en,Grizzly Night,"1967년 8월 12일 밤, 몬태나 글레이셔 국립공원의 야영객들은 평온한 자연 속에서 하룻밤을 보내려 한다. 그러나 같은 밤, 불과 몇 마일 떨어진 두 지점에서 그리즐리 곰의 습격으로 치명적인 참사가 연이어 발생하고 숲은 순식간에 공포와 혼란으로 뒤덮인다. 통신은 끊기고 구조는 지연되는 가운데, 살아남은 이들은 어둠 속 숲과 보이지 않는 포식자 앞에서 끝까지 버텨야 하는 생존의 시험대에 오르는데...",62.9902,/vuMsls2OFFr3bpTlusCU5X4uPMw.jpg,2026-01-30,1967 그리즐리 어택,False,6.014,36
False,/cYyNJzwhaj7aC4uTlUctrfaERbf.jpg,"[28, 18, 36]",1305781,zh,镖人：风起大漠,,53.6055,/AsWzPlQK2xJTIrzw6McT8Yvy6H2.jpg,2026-02-17,镖人：风起大漠,False,7.81,21
False,/73BClq9FOcrWrutnpiqhCNEWEwJ.jpg,"[18, 10749, 36]",858024,en,Hamnet,"자연 속에서 자유롭게 살아온 ‘아녜스’는 마을에 새로 온 교사 ‘윌리엄 셰익스피어’와 사랑에 빠져 가정을 이룬다. 어느 날, 두 사람에게 예기치 못한 비극이 찾아오고 삶의 가장 소중한 것을 잃은 참혹한 상실의 고통 속에서 두 사람은 각자의 방식으로 상처와 비극을 극복하게 되는데…",59.5105,/96ikpEmn7Uxct77x6kTIUgnldh2.jpg,2025-11-26,햄넷,False,7.743,808
False,/geQgwdQBNYOVoUKK2oBB0ILilIa.jpg,"[878, 53]",475961,en,Curvature,"젊은 여성 과학도 '헬렌'은 어느날 이상한 전화를 받게 된다.  내용은 시간여행을 통해 살인을 저지르고자 하는 일당을 과학적으로 막아달라는 내용.  이 믿을수 없는 내용에 헬렌은 처음에는 무시하지만, 점점 자기 주위에 과학적으로 설명이 불가능한 이상한 일들이 일어나고...  곧, '전화속의 의뢰'가 오직 자신만이 할수 있는, 하지 않아서는 안되는 중요한 일임을 알게 된다.  하지만, 이 미션은 일급 국가 기밀 시설에 침입해야 가능한 것으로...  과연, 이 어린 과학도가 (그것도)여성의 몸으로 완수할 수 있을 것인가.  몇 사람의 소중한 목숨이 그녀에게 달려 있는데...",52.8272,/iW8z0qYHtM3ymPG4JYQIvoVb5d9.jpg,2017-10-08,커버처: 세이브 더 퓨처,False,4.938,80
False,/qKWDHofjMHPSEOTLaixkC9ZmjTT.jpg,[18],1317288,en,Marty Supreme,"1950년대 뉴욕에서 탁구 선수 마티 마우저는 누구도 인정하지 않는 꿈을 품은 청년으로, 위대함을 추구하며 지옥을 오가며 고군분투한다.",60.2578,/lYWEXbQgRTR4ZQleSXAgRbxAjvq.jpg,2025-12-19,마티 슈프림,False,7.525,1080
False,/xM2dUqkpaSHOR87ojZ538DGQqcD.jpg,"[27, 878, 53, 18]",1289893,en,Somnium,,56.3518,/cPUeMJkPLDWSOA6OU862EdZhylS.jpg,2025-08-28,Somnium,False,5.6,25
False,/pGFQCp12a8andfPlpnmXz44IIvY.jpg,"[878, 28, 12]",24428,en,The Avengers,"에너지원 큐브를 이용한 적의 등장으로 인류가 위험에 처하자 국제평화유지기구인 쉴드의 국장 닉 퓨리는 어벤져스 작전을 위해 전 세계에 흩어져 있던 슈퍼히어로들을 찾아나선다. 아이언맨부터 토르, 헐크, 캡틴 아메리카는 물론, 쉴드의 요원인 블랙 위도우, 호크 아이까지, 최고의 슈퍼히어로들이 어벤져스의 멤버로 모이게 되지만, 각기 개성이 강한 이들의 만남은 예상치 못한 방향으로 흘러가는데...",53.9552,/krgjV3rJtBcEpQehODKXNCt6uFL.jpg,2012-04-25,어벤져스,False,7.956,36211
False,/7uXzE0ZBkbAeKylOz7cUQF4Yw75.jpg,[18],879945,nl,L'homme inconnu,"내리쬐는 여름 태양 아래, 거센 파도 속에서 돋아나는 사랑. 이 작품에는 여름의 뜨거움과 고요함이 담겨있다. 색감과 노래에서 묻어 나오는 감정들은 영화에 더욱 몰입하게 한다.",35.4751,/4TpBhdaSl5ALHbgeaYOLF8Q3haz.jpg,2021-10-16,무명의 남자,False,8.5,2
False,/swxhEJsAWms6X1fDZ4HdbvYBSf9.jpg,"[12, 35, 27, 28]",1234731,en,Anaconda,"중년의 위기를 겪고 있는 친구들이 젊은 시절 가장 좋아했던 영화를 재현하기 위해 열대우림으로 떠난다. 그러나 그들은 자연 재해, 거대한 뱀, 그리고 폭력적인 범죄자들과 맞서 싸우며 생존을 위한 사투를 벌이게 된다.",51.4454,/qxMv3HwAB3XPuwNLMhVRg795Ktp.jpg,2025-12-24,아나콘다,False,5.8,680
False,/dHSz0tSFuO2CsXJ1CApSauP9Ncl.jpg,"[53, 80, 9648]",425274,en,Now You See Me: Now You Don't,"한때 더러운 방식으로 돈을 모으는 재벌들을 시원하게 혼내주던 마술사기단 ‘포 호스맨’. 은퇴 후 평범한 삶을 살고 있던 그들에게 새로운 임무를 알리는 의미심장한 카드가 배달된다. 그렇게 다시 모이게 된 오리지널 ‘포 호스맨’은 자신들을 흉내 내던 신예 마술사들까지 영입하며 미션을 준비한다. 그들의 목표는 무기 밀매, 자금 세탁 등 더러운 돈에 물든 ‘하트 다이아몬드’를 훔치는 것. 하지만 다이아몬드를 훔치고, 통쾌한 쇼를 선보이려는 이들 앞에는 수많은 함정이 펼쳐지는데…",49.5657,/dECA069mRikkghzgSBsM0cvic4F.jpg,2025-11-12,나우 유 씨 미 3,False,6.529,1139
False,/4IEjHlV6ciUPopHnEs5AfBNJ6XS.jpg,[28],1634858,es,Cuerno Azulado,,46.8373,/q0OveDlsh5BNq6ifZqNWKtLKiwb.jpg,2025-09-10,Cuerno Azulado,False,6.857,14
False,/kVSUUWiXoNwq2wVCZ4Mcqkniqvr.jpg,"[16, 10751, 35, 12, 14]",991494,en,The SpongeBob Movie: Search for SquarePants,"비키니시티에 사는 스폰지밥은 무시무시한 롤러코스터를 탈 수 있는 용감한 ‘빅 가이’가 꿈이다. 그러던 어느 날, 미지의 세계 ‘언더월드’에 사는 유령선장을 만나 ‘용감무쌍짱 증명서’를 받으면 진정한 ‘빅 가이’가 될 수 있다는 말을 들은 스폰지밥은 절친 뚱이와 함께 해적선을 찾아 위험천만한 모험을 떠난다. 그 사실을 안 집게사장과 징징이, 핑핑이는 스폰지밥을 구하기 위해 따라나서는데…",50.0189,/2QCGC4toQXYuIsWKj5vJQRAdPjd.jpg,2025-12-16,스폰지밥 무비: 네모바지를 찾아서,False,6.8,218
False,/6D6M5z4reppUxo2cnBEKI02Csp1.jpg,"[28, 80, 53, 37]",1601243,en,Oscar Shaw,,48.2368,/tsE3nySukwrfUjouz8vzvKTcXNC.jpg,2026-01-09,Oscar Shaw,False,6.625,24
False,/wCwZ4ljSsWyZyTiyk1tGQtBHTDx.jpg,"[28, 18]",1511417,te,Bāhubali: The Epic,,45.5485,/4sLSorDKKDN944kWngxgQlpdDeg.jpg,2025-10-29,Bāhubali: The Epic,False,6.0,31
False,/oN4TQ1TxchynXlFiXFBL3NHLT54.jpg,"[16, 10751, 18]",1167307,en,David,,47.5298,/7lFG1WrCwAxBfyGK8ahlBVzXno7.jpg,2025-12-14,David,False,8.1,94
False,/2OHa6ukEq3Hce7Pc2kvu8wkmMFY.jpg,"[28, 12, 53, 80, 18]",7451,en,xXx,"싸이렌이 온 거리를 울려 퍼지며 요란한 추격씬이 벌어지는 도중 한 녀석이 콜벳를 몰고 다리를 돌진, 200미터 높이에서 자동차 번지를 시도한다. 짜릿한 곡예를 선보인 후 낙하산을 펴고 유유히 사라지는 녀석의 이름은 '젠더 케이지'. 인터넷에 생방송된 이 장면은 전세계 네티즌들에게 열렬한 환호를 받는다. 또 한 번의 멋진 프로젝트로 영웅 대접을 받는 젠더 케이지. 그러나 파티가 무르익을 무렵, 갑자기 들이닥친 특수부대는 그에게 신경 안정제를 쏜 후 잠들게 한다. 깨어난 곳은 알 수 없는 레스토랑. 어리둥절한 그 곳은 갑자기 강도들의 침입장으로 돌변하고, 단숨에 상황을 정리해버린 그에게 기븐스가 축하 인사를 전한다. 미국 비밀첩보국 NSA의 1차 테스트를 통과한 것. 이후 또 다시 잠에서 깨어난 곳은 비행기 안. 2번째 테스트로 콜럼비아 마약 밀매상의 아지트에 던져진 젠더 케이지. 때마침 콜럼비아 정부와 마약상들의 충돌로 아수라장이 된 그곳에서 살아남기 위한 치열한 전쟁이 펼쳐지는데...  상황종료 후 유유히 나타난 기븐스는 NSA의 테스트를 유일하게 통과한 그에게 비밀요원이 되어줄 것을 부탁한다. 단 그렇지 않을 경우는 감옥행뿐이라는 단서를 둔다. 젠더 케이지의 코드명은 트리플 X. 첫번째 임무지는 비밀요원의 무덤이라는 별칭을 가지고 있는 도시 프라하. 이제 얼떨결에 비밀요원이 되어버린 트리플 X의 위험한 여정이 시작되는데.",48.764,/ysmsesGYF83VZXSvkG8ZdNNCKAz.jpg,2002-08-09,트리플 엑스,False,5.981,4806
False,/xcBlMEvzuaHoWANKYn5PGvcW4OC.jpg,"[27, 28, 53]",1110034,no,Kraken,,44.4099,/8ExwomWgJoXBdY3u1Otiw2zY9wZ.jpg,2026-02-06,크라켄,False,7.667,6
False,/yWZc7ZglTAecVLKHS0oROuetKce.jpg,"[80, 53]",1171145,en,Crime 101,,43.0818,/2HoR2x23bqKpopluoBD1FH3tBi7.jpg,2026-02-11,크라임 101,False,6.991,117
False,/kXeUzmOMqdySaeknuuYUTHzMC8H.jpg,[35],1586841,es,El paseo 8,,42.7324,/oP4BuJ4toBC5KLczNy9c38cMgbr.jpg,2025-12-25,El paseo 8,False,8.667,6
False,/2ssWTSVklAEc98frZUQhgtGHx7s.jpg,"[12, 18, 878]",157336,en,Interstellar,"세계 각국의 정부와 경제가 완전히 붕괴된 미래가 다가온다. 지난 20세기에 범한 잘못이 전 세계적인 식량 부족을 불러왔고, NASA도 해체되었다. 나사 소속 우주비행사였던 쿠퍼는 지구에 몰아친 식량난으로 옥수수나 키우며 살고 있다. 거센 황사가 몰아친 어느 날 알 수 없는 힘에 이끌려 딸과 함께 도착한 곳은 인류가 이주할 행성을 찾는 나사의 비밀본부. 이 때 시공간에 불가사의한 틈이 열리고, 이 곳을 탐험해 인류를 구해야 하는 임무를 위해 쿠퍼는 만류하는 딸을 뒤로한 채 우주선에 탑승하는데...",49.391,/gDN2NWtHbs8ZWEBQM8Dh5OVXdb4.jpg,2014-11-05,인터스텔라,False,8.468,39009
False,/2RrLuIfIzGWWIH8IAEo6o0IYHmx.jpg,"[16, 10751, 35, 878]",1327819,en,Hoppers,"오랜 연구 끝에 개발한 ‘호핑’ 기술로 동물 세계에 가까이 갈 수 있음을 알게 된 주인공 ‘메이블’은 마치 ‘아바타’ 같다며 신기해하고, 직접 로봇 비버가 되어 동물들의 세계에 잠입한다. 그들의 말을 알아듣게 된 ‘메이블’은 진짜 동물이 된 것처럼 동물 세상을 경험하는 가운데, 연못에 있던 다른 비버에게 달려드는 곰을 막아서지만 그들에겐 그들만의 질서와 법칙이 있다는 사실을 알게 된다. ‘호핑‘ 기술을 개발한 박사는 이 기술을 자연계 질서를 어지럽히는 데 쓰면 안 된다고 경고하지만, ‘메이블’은 통신을 끊어버려 이후 예측불가의 모험이 펼쳐질 것을 예고한다.",59.7307,/vJu9THzQ26Q5sWOVnhOkuRH5M1P.jpg,2026-02-28,호퍼스,False,8.1,18
False,/gpJr8wRED8BpBVaxM0eODQEBNwC.jpg,"[878, 28, 35]",650524,cn,尋秦記,,41.194,/h3OUaPfCaFmzwB2eMHik50RsXlP.jpg,2025-12-31,진시황: 타임슬립 대전,False,6.19,21
False,/3F2EXWF1thX0BdrVaKvnm6mAhqh.jpg,"[28, 53, 80]",1306368,en,The Rip,"허름한 은닉처에서 수백만 달러의 현금을 발견한 마이애미 경찰. 신뢰에 금이 가기 시작하면서 모든 사람, 모든 것이 의심의 대상이 된다.",42.7389,/o0d6Us9VWOW0nHhoB7ZNIwigARG.jpg,2026-01-13,더 립,False,7.074,1289
False,/gnxkUPvc65lX0vuTAsq0GiGn1rW.jpg,[18],81476,en,Confessions of a Young American Housewife,,44.129,/kgZELjdy8FkRZOUTYw5uH1AIE1P.jpg,1974-06-11,Confessions of a Young American Housewife,False,5.8,32
False,/fnDwHw8drCBGoJNUoS5dLHKXRlq.jpg,"[27, 28, 53]",55547,en,Route 666,잭과 스테파니를 중심으로 이뤄진 연방 수사관은 보복이 두려워 조직의 범죄를 증언하기로 한 래빗이 도망치자 그를 추격하게 되고 마침내 사막의 한 카페에서 래빗을 체포한다. 이때 카페로 들이닥친 조직의 하수인과 치열한 총격전이 일어나고 가까스로 잭 일행은 래빗을 데리고 도망친다.  다음날 10시까지 LA에 도착하기 위해 길을 재촉하며 마피아의 추격을 따돌리려던 잭 일행은 `악마의 666 도로`라고 불리는 곳에서 멈추게 되는데...,37.2675,/mrTWXADgmrvPmXsC7PX7V7yAIEh.jpg,2001-10-30,루트 666,False,4.981,81
False,/k8NQUrnUtX20bCreOKyEv9J7U3S.jpg,"[878, 12, 18]",1258151,ru,Кракен,그린란드 해에서 비밀 임무를 수행 중이던 러시아 미사일 잠수함이 흔적도 없이 사라진다. 실종된 잠수함 지휘관의 동생이 함장으로 있는 함정이 이를 수색하기 위해 투입된다. 수색대는 잠수함을 찾아내고 극비 무기가 적의 손에 넘어가는 것을 막아야 한다. 한편 북극에서 진행 중이던 지질 연구 작업이 크라켄을 깨운다. 크라켄은 놀라운 위장 능력과 초자연적인 지능을 지닌 거대한 심해 괴물이다. 수색대가 실종된 잠수함의 흔적을 쫓아갈수록 그들은 전설 속 심해의 괴물을 마주하게 된다.,42.5152,/3Kq0lXKXDlqjIcRjkisqNDrkf2z.jpg,2025-04-17,크라켄,False,6.423,39
False,/w3Bi0wygeFQctn6AqFTwhGNXRwL.jpg,"[14, 10402, 35, 16]",803796,en,KPop Demon Hunters,"케이팝 슈퍼스타 루미, 미라, 조이. 매진을 기록하는 대형 스타디움 공연이 없을 때면 이들은 또 다른 활동에 나선다. 바로 비밀 능력을 이용해 팬들을 초자연적 위협으로부터 보호하는 것.",44.7034,/5fqcLmrgVDicMuGLOa9PKErFP72.jpg,2025-06-20,케이팝 데몬 헌터스,False,8.08,2444
False,/9uakM2woks0JV8HKIc4oatIVS88.jpg,"[27, 53]",1315303,en,Primate,광견병에 걸린 침팬지 '벤'에게서 벗어나 생존하려는 주인공 '루시'와 친구들의 이야기를 그린 공포 영화,40.0125,/4Q5IClJJyKUHKNLywQaqwcK00OF.jpg,2026-01-01,프라이메이트,False,6.578,424
False,/1eFyO5JIDTZxrQuVZ3NfHl0M0xU.jpg,"[18, 10751]",8981,en,Dear Frankie,청각장애아인 한 소년과 어머니와의 따뜻한 사랑을 그린 감동적인 드라마.,36.953,/5YRDvaBWBbhTKBYYc7BoOWdW01N.jpg,2004-05-18,디어 프랭키,False,7.046,216
False,/AecGG1XVCmkk7fT10ko3FC0dLIP.jpg,"[14, 28, 53]",1043197,en,Dust Bunny,"“어른도 아이도 함께하는 몬스터 사냥 이야기”  열 살 소녀 오로라는 침대 밑에 숨어 있다고 믿는 정체불명의 괴물 때문에 자신의 가족이 사라졌다고 믿는다. 아무도 그녀의 말을 믿어주지 않자, 오로라는 복도를 사이에 둔 신비로운 이웃 - 몬스터 -를 사냥하는 것으로 보이는 청부살인업자에게 도움을 청한다. 그는 처음엔 의심하면서도 그녀의 부탁을 받아들이고, 두 사람은 함께 진짜 괴물과 맞서며 이들이 마주한 위험한 세상과 서로의 상처를 이해해 가게 되는데…",37.952,/qa5aZpO8tQqhlDaE0flalS1TuIS.jpg,2025-12-11,더스트 바니,False,6.581,187
False,/fIuuYkIjF9Q7W26YbIeKX5OWwiL.jpg,[18],1600028,es,La celda de los milagros,,36.9498,/d9i9EZHpjwqAP9byTJDAuXgSdZP.jpg,2025-12-25,La celda de los milagros,False,7.941,59
False,/ohUhHOqW8cM59Ay5UjqplLzJbH3.jpg,"[10749, 18]",1317672,en,Love Me Love Me,"오빠의 죽음으로 모든 것을 잃은 준은 상처를 안고 밀라노로 떠나 국제학교로 전학한다. 그곳에서 만난 모범생이자 완벽한 연인인 윌에게서 안정을 찾지만, 비밀스럽고 위험한 불법 격투 경기에 몸담은 절친 제임스와의 갈등은 서서히 금지된 설렘으로 바뀌어 가고, 준은 안전한 삶과 모든 것을 뒤흔드는 사랑 사이에서 흔들린다.",36.6312,/o6SeivdAJ4ri8EbgJlIiffVN9Q.jpg,2026-02-12,사랑해 줘 사랑해 줘,False,5.57,149
False,/jVwvhKpw6a7c7JmHhMykKAn7buQ.jpg,[18],1443576,es,Los domingos,,38.8391,/kwpDm6qtON8pLCSY0C8MltMofEE.jpg,2025-10-17,선데이즈,False,7.273,75
False,/jt2CY2fZeeGAMnc2iQgutBfudS.jpg,"[18, 878, 14]",878608,zh,狂野时代,"어느 미래의 광야시대. 꿈꾸지 않는 자들은 영생할 수 있다는 비밀을 발견한 인류는, 비밀리에 계속 꿈을 꾸면서 역사에 혼동을 가져오고 시간의 오류를 만드는 ‘판타스머’들을 각성시키고자 한다. ‘빅 아더’는 판타스머를 깨우고 시간을 순차적으로 흐르게 만드는 사람들인데, 그중 한 빅 아더는 오랫동안 숨어서 꿈을 꾸는 판타스머를 찾아다닌다. 마침내 판타스머를 맞닥뜨린 빅 아더는, 그에게 마지막으로 꿈을 꿀 수 있는 시간을 허락한다. 그렇게 판타스머는, 100년의 시간을 넘나들면서 네 번의 꿈을 꾼다.",42.5656,/eEviqb35JWvYSvHTtp31GGFCh7p.jpg,2025-11-22,광야시대,False,6.674,43
False,/gre7gyocZSuwd7M51CGlqsJqBmB.jpg,"[53, 80, 28]",1054867,en,One Battle After Another,"자유를 외치는 혁명가 밥 퍼거슨. 16년이 흐른 뒤, 후유증으로 모든 걸 내려놓고 무너진 삶을 살고 있다. 그에게 남은 유일한 희망은 세상 누구보다 소중한 딸 윌라뿐. 자신의 몸도, 딸과의 관계도 엉망진창인 삶을 살아가던 중 과거의 숙적이었던 스티븐 J. 록조가 딸을 납치한다. 딸을 찾기 위해서 옛 동료들의 도움이 절실하지만, 오래된 동료들은 만나기조차 쉽지 않은데…",39.9342,/bCg9iDSXPjVTUs1RyYH8AhmJ11d.jpg,2025-09-23,원 배틀 애프터 어나더,False,7.408,2950
False,/zFpaNGxW0FzRFKBOyCFVeYlCdI9.jpg,"[10749, 35]",1429605,en,F Valentine's Day,,37.5205,/8zPExowfpfZOTpS1W4J7G27lH4H.jpg,2026-02-12,F Valentine's Day,False,6.188,48
False,/988AG01BZZe62P33jemkFIacxF9.jpg,"[53, 9648, 27]",207933,en,Stonehearst Asylum,옥스퍼드 의과대학 졸업생인 에드워드 뉴게이트는 견습의 과정으로 스톤 허스트 정신병원으로 향한다.  이곳에서 뉴게이트는 병원장 램 박사와 치명적인 매력을 지닌 일라이저 그레이브스 부인을 만난다.  그는 자신의 환자인 그레이브스 부인을 향한 금지된 열망을 점차 키워간다.  그러던 중 램 박사 뒤에 숨겨졌던 끔직한 병원의 비밀들이 하나 둘씩 드러나는데…,34.5196,/3wr7Jc0DBDg1bNeqgxhla5MVbA8.jpg,2014-10-23,히든 아이덴티티,False,6.852,1549
False,/atvDTVtj88v2YEjwZ20Jsr0P8nk.jpg,"[18, 53]",1193128,ar,قضية الغرباء,"시리아인 의사와 그녀의 딸이 알레포를 탈출하며, 다섯 명의 낯선 이들을 하나로 묶는 사건의 연쇄가 시작된다. 밀수업자, 군인, 시인, 해안경비대 대장이 맞닥뜨린 위기는 그들의 용기와 선택, 그리고 인간성을 시험한다.",29.5815,/RBIrEveMOIy5Kxg2WzgMnCIhaN.jpg,2025-12-31,더 스트레인저스 케이스,False,6.154,13
False,/538U9snNc2fpnOmYXAPUh3zn31H.jpg,"[28, 53, 12]",575265,en,Mission: Impossible - The Final Reckoning,"디지털상의 모든 정보를 통제할 수 있는 사상 초유의 무기로 인해 전 세계 국가와 조직의 기능이 마비되고, 인류 전체가 위협받는 절체절명의 위기가 찾아온다. 이를 막을 수 있는 건 오직 존재 자체가 기밀인 에단 헌트와 그가 소속된 IMF뿐이다. 무기를 무력화하는 데 반드시 필요한 키를 손에 쥔 에단 헌트. 오랜 동료 루터와 벤지, 그리고 새로운 팀원이 된 그레이스, 파리, 드가와 함께 지금껏 경험했던 그 어떤 상대보다도 강력한 적에 맞서 모두의 운명을 건 불가능한 미션에 뛰어든다.",34.9479,/c5pDU8SW0ZbmO5jHfw7fX6keyyR.jpg,2025-05-17,미션 임파서블: 파이널 레코닝,False,7.186,2597
False,/8QRMlkCMFNKZM2ApnIaut5t4snf.jpg,"[53, 9648, 18]",1389149,hi,अक्यूज़्ड,"런던의 저명한 퀴어 의사가 성추행 혐의로 고발당하자 그녀의 삶은 무너져 내린다. 의혹과 감시의 폭풍 속에 휩싸인 그녀는 결혼 생활이 균열을 보이고 진실은 흐려진다. 그녀의 아내는 세상을 등지고 떠나야 할지, 세상이 등을 돌린 여성을 위해 싸워야 할지 선택해야 한다.",47.0056,/eeP55mdqj4KpWtEPBvZJoxmnkXI.jpg,2026-02-27,피의자,False,5.0,33
False,/eUERZRVjCTNdgnESlQxyaOJ2d4K.jpg,[28],1584215,en,The Internship,"“배신당한 킬러들의 반란, CIA 내부를 격돌하다”  어린 시절부터 비밀 CIA ‘인턴십’으로 혹독한 훈련을 받아온 여성이 이제 그 프로그램이 자신의 삶을 빼앗아간 진짜 이유를 밝히기 위해 나선다. 그녀는 자신처럼 길러진 동료 인턴들을 모아 조직을 무너뜨리려 하고, 점점 더 치명적인 임무 속에서 배신과 살아남기 위한 본능이 충돌하게 된다. CIA는 이를 막기 위해 더욱 강력한 대응에 나서고, 인턴들과 기관 모두가 최후의 결전을 벌이게 되는데…",33.9964,/fYqSOkix4rbDiZW0ACNnvZCpT6X.jpg,2026-01-13,인턴십,False,6.32,50
False,/5arE7ysejlE2byGyakuUrR5TmUt.jpg,"[27, 53, 28]",1205225,en,Gates of Flesh,,41.9277,/tsu0fapttpwweWhx2GvYFtSCFhi.jpg,2025-04-08,Gates of Flesh,False,5.4,27
False,/zNriRTr0kWwyaXPzdg1EIxf0BWk.jpg,"[878, 12, 28]",1234821,en,Jurassic World Rebirth,"지구 최상위 포식자가 된 공룡들이 인간 세상으로 나온 5년 후, 인간과 공룡의 위태로운 공존이 이어지는 가운데 인류를 구할 신약 개발을 위해 육지, 하늘, 바다를 지배하는 가장 거대한 공룡들의 DNA가 필요하게 된다. 불가능한 미션 수행을 위해 조라와 헨리 박사 그리고 던컨은 공룡들을 추적하며 지구상에서 가장 위험한 섬에 도착하고 폐쇄된 쥬라기 공원의 연구소가 감추어 온 충격적인 진실을 마주하게 되는데...",36.569,/ygr4hE8Qpagv8sxZbMw1mtYkcQE.jpg,2025-07-01,쥬라기 월드: 새로운 시작,False,6.309,3050
False,/s94NjfKkcSczZ1FembwmQZwsuwY.jpg,"[878, 12, 28]",617126,en,The Fantastic 4: First Steps,"1960년대, 전 세계적인 관심 속 우주로 떠난 4명의 엘리트 우주비행사 ‘리드 리처드’, ‘수잔 스톰’, ‘조니 스톰’, ‘벤 그림’은 예기치 못한 사고로 우주 방사능에 노출되면서 초인적인 능력을 갖게 된다. 신체를 자유자재로 변형할 수 있게 된 ‘리드 리처드’(미스터 판타스틱)부터 온몸이 투명해지고, 강력한 방어막을 형성하는 ‘수잔 스톰’(인비저블 우먼), 온몸으로 뜨거운 화염을 내뿜으며 비행 능력까지 지닌 ‘조니 스톰’(휴먼 토치), 그리고 바위 같은 엄청난 피지컬과 압도적 파워를 갖춘 ‘벤 그림’(씽)까지 ‘판타스틱4’라는 새로운 슈퍼 히어로 팀이 된 4명의 멤버들. 인생에 완전히 새로운 국면을 맞이하게 되면서 혼란과 갈등에 휩싸인 이들 앞에 행성 파괴자 ‘갤럭투스’의 위협을 전달하는 미스터리한 전령 ‘실버서퍼’가 등장해 지구 파괴를 예고하고 ‘판타스틱 4’는 세상을 구하기 위해 다 함께 힘을 모으게 되는데…",30.0942,/sHgIQvDlk5188wo9jM8IKFeyJUd.jpg,2025-07-23,판타스틱 4: 새로운 출발,False,7.0,3032
False,/hO2jx1H3XafR7Y8QbFgVH1sHTY9.jpg,"[27, 53, 35]",1198994,en,Send Help,"직장에서 인정받지 못해 괴로워하는 린다는 죽일 만큼 미운 상사 브래들리와 출장 도중 비행기 추락 사고로 인해 무인도에 단둘이 고립된다. 와이파이도, 인사팀도, 직급도 없는 야생의 섬에서 이들의 권력관계는 완전히 뒤집히게 되는데…!",36.2521,/c4df7ExGyVUWAWOwNB5jy4EFHsx.jpg,2026-01-22,직장상사 길들이기,False,7.05,341
False,/8XeUEIXiZiRNqz0EcKC65vje8Th.jpg,"[878, 27, 35]",1159831,en,The Bride!,"1930년대 미국, 죽음에서 깨어난 ‘브라이드’와 그녀를 사랑하게 된 ‘프랑켄슈타인’. 어느 날, 끔찍한 사건을 저지르고 위험천만한 도주를 시작한다. 세상의 모든 규범을 깨부순 ‘브라이드’와 ‘프랑켄슈타인’의 파격적인 행보는 미국 전역을 뒤흔들고 그들의 운명은 걷잡을 수 없는 방향으로 치닫는데…",38.5798,/ftIYdV8IEE4n8odMv7FLam9VDVy.jpg,2026-03-04,브라이드!,False,10.0,1
False,/v9Ph99EwFXGiQrZxmBlCU9xERST.jpg,"[10751, 35, 16, 12]",301528,en,Toy Story 4,"앤디와 작별한 우디는 새로운 주인 보니와의 생활에 적응 중이다. 보니는 처음 간 유치원에서 불안한 마음을 달래고자 포크를 가지고 새 장난감 포키를 만든다. 쓰레기에서 장난감으로 거듭난 포키는 자꾸 쓰레기통으로 도망치려 하지만 우디는 보니를 위해 포키를 돌봐주기로 한다. 어느 날 가족여행으로 함께 떠난 놀이공원에서 포키가 납치되고, 포키를 구하기 위한 모험을 하던 중 우디는 우연히 오래 전 헤어진 친구 보핍을 만난다. 우디는 주인 없이 자유로운 삶을 살고 있는 보핍을 보며 마음이 흔들리기 시작하는데...",38.5356,/9P8IX4UyH3QFLL4MV6GZyuOB7Ue.jpg,2019-06-19,토이 스토리 4,False,7.5,10373
False,/nAxGnGHOsfzufThz20zgmRwKur3.jpg,"[27, 28, 53]",1233413,en,Sinners,"1932년, 시카고 갱단의 생활을 정리하고 고향 미시시피로 돌아온 쌍둥이 형제 스모크와 스택은 큰돈을 벌기 위해 술집 주크 조인트를 운영하기로 한다. 화려한 오프닝 파티가 열리는 밤, 천부적인 재능을 지닌 새미의 노래로 파티의 열기는 점점 뜨거워지고 초대하지 않은 불청객 일행이 찾아오는데…",41.0646,/qEipksU5SzHxbeZbE0cZQzEt6bD.jpg,2025-04-16,씨너스: 죄인들,False,7.491,3820
False,/hpXBJxLD2SEf8l2CspmSeiHrBKX.jpg,"[18, 14, 27]",1062722,en,Frankenstein,과학자 빅터 프랑켄슈타인과 그의 손에서 탄생한 괴물이 펼치는 이야기. 고전이 된 메리 셸리의 소설을 오스카 수상 감독 기예르모 델토로가 영화화했다.,33.9267,/vSMWJkBTEfa7kFxHizSz4uJNVlf.jpg,2025-10-17,프랑켄슈타인,False,7.665,3026
False,/lAtuFCx6cYkNBmTMSNnLE0qlCLx.jpg,"[28, 80, 10749]",1271895,zh,96分鐘,타이베이에서 가오슝까지 단 96분 만에 도달하는 고속열차. 그 열차에 전직 폭탄 처리반 장교 캉런과 그의 약혼녀가 타고 있다. 그들은 3년 전의 대형 쇼핑몰 폭발 사고 피해자 추도식에 참석한 뒤 돌아가는 중이다. 그 사건에서 모두를 구하지 못했다는 죄책감에 캉런은 일을 그만두었고 복귀하라는 상관의 요청도 거절해 왔다. 하지만 그들이 탄 열차에 폭탄이 설치되어 있다는 경고를 접하고 멈출 수 없는 속도로 질주하는 열차에서 그는 다시 폭탄과 맞서야 하는 상황에 마주한다.,32.903,/5HefFZDvzHAR4qWEMExLfyM0qLs.jpg,2025-09-05,96분,False,5.869,65
False,/gLXibzLQ4qegvjdqDC0f8yTij2P.jpg,"[9648, 53, 28]",1310568,en,Murder at the Embassy,,32.8324,/3DBmBItPdy0A2ol59jgHhS54Lua.jpg,2025-11-14,Murder at the Embassy,False,5.8,37
False,/thgemkoLauZxcqe6KX8wxqEc70z.jpg,"[53, 18]",1428862,es,Cortafuego,"가족이 이사 준비를 하던 중, 어린 소녀 리데가 숲속에서 흔적도 없이 사라진다. 바로 그때 숲에서 번지기 시작한 불길. 엄마는 화염이 덮치기 전에 딸을 찾기 위해 시간과의 사투를 벌인다.",29.9622,/ritfUhDs0L5t9tt1raLsPB3OYiI.jpg,2026-02-19,파이어브레이크,False,6.233,58
False,/yCatt8lmp3oRFEcOZF8KHhsiASQ.jpg,"[28, 10752]",1223601,fi,Sisu 2,"제2차 세계대전이 끝난 직후, 전설적인 핀란드 저격수였던 Aatami Korpi는 고향 집으로 돌아오지만, 가족이 전쟁 중 적군에게 잔인하게 살해된 후다. 그는 집을 해체해 트럭에 싣고 가족을 기리기 위한 새로운 장소에 재건하기로 결심한다. 그런데 가족을 처참히 죽인 소련 붉은 군대 지휘관 Igor Draganov이 그의 뒤를 추적하며, 두 사람 사이에 정면대결과 전국을 가로지르는 추격전이 벌어진다.",33.6447,/dONN7cHf2MF1nEZX2THgi89otcj.jpg,2025-10-21,시수: 복수의 길,False,7.349,574
False,/1Xdsq7U7bvJJd2X7Jg4qNaKVkYO.jpg,"[28, 53, 80, 18]",1426964,pt,Salve Geral: Irmandade,전례 없는 폭력 사태로 혼란에 빠진 상파울루. 암흑가와 연결된 변호사가 납치된 조카를 구하기 위해 경찰과 거래를 시도한다.,30.908,/y9HaUSRRvpg1y6cxGsno6ohoAOV.jpg,2026-02-10,브라더후드: 총공세,False,5.394,52
False,/gQimJqYMKCkwHIo8wwYKhmnCfBr.jpg,"[28, 80, 53]",1242501,en,Icefall,"극한의 추위가 몰아치는 북미 오지. 젊은 야생동물 관리인이 베테랑 밀렵꾼을 체포하며 사건이 시작된다. 밀렵꾼은 우연히 얼어붙은 호수 아래 추락한 비행기와 수백만 달러의 현금이 있다는 엄청난 비밀을 털어놓는다.  현금의 소문은 순식간에 퍼지고, 부패한 경찰부터 무자비한 범죄자들까지 현장으로 몰려든다. 눈앞의 돈을 차지하려는 인간들의 욕망은 극에 달하고, 추락 지점인 위험천만한 얼음 호수는 삽시간에 아비규환으로 변한다.  언제 깨질지 모르는 살얼음판 위에서, 살아남기 위해 한 팀이 된 관리인과 밀렵꾼은 현금과 목숨을 건 최후의 생존 게임을 시작한다. 과연 그들은 서로를 믿고 이 얼음 지옥에서 탈출할 수 있을까?",32.8647,/5jqga2F2nkBHWM4Ip5qha8gANpJ.jpg,2025-10-16,아이스폴,False,6.43,135
False,/tSPT36ZKlP2WVHJLM4cQPLSzv3b.jpg,"[18, 80]",238,en,The Godfather,"시실리에서 이민온 뒤, 정치권까지 영향력을 미치는 거물로 자리잡은 돈 꼴레오네는 갖가지 고민을 호소하는 사람들의 문제를 해결해주며 대부라 불리운다. 한편 솔로소라는 인물은 꼴레오네가와 라이벌인 탓타리아 패밀리와 손잡고 새로운 마약 사업을 제안한다. 돈 꼴레오네가 마약 사업에 참여하지 않기로 하자, 돈 꼴레오네를 저격해 그는 중상을 입고 사경을 헤매게 된다. 그 뒤, 돈 꼴레오네의 아들 소니는 조직력을 총 동원해 다른 패밀리들과 피를 부르는 전쟁을 시작하는데... 가족의 사업과 상관없이 대학에 진학한 뒤 인텔리로 지내왔던 막내 아들 마이클은 아버지가 총격을 당한 뒤, 아버지를 구하기 위해 위험천만한 협상 자리에 나선다.",34.3582,/1yvBkSv4ZLS1GohlmMDmdpSgfYo.jpg,1972-03-14,대부,False,8.687,22529
False,/oz4U9eA6ilYf1tyiVuGmkftdLac.jpg,"[18, 10749, 53]",1010581,es,Culpa mía,노아는 남자 친구와 친구들이 있는 동네를 뒤로하고 엄마의 새 부자 남편 저택으로 이사를 가게 된다. 의붓오빠 닉과는 첫 만남부터 삐걱댔지만 곧 서로에게 이끌려 금지된 관계를 맺는다. 반항심과 고뇌로 가득 찬 그들의 인생은 송두리째 흔들리고 둘은 결국 뜨거운 사랑에 빠진다.,33.9197,/duT8Vks5FXwDkpxoR84xb2a6VB6.jpg,2023-06-08,나의 잘못,False,7.757,4006
False,/zfbjgQE1uSd9wiPTX4VzsLi0rGG.jpg,"[18, 80]",278,en,The Shawshank Redemption,"촉망받는 은행 간부 앤디 듀프레인은 아내와 그녀의 정부를 살해했다는 누명을 쓴다. 주변의 증언과 살해 현장의 그럴듯한 증거들로 그는 종신형을 선고받고 악질범들만 수용한다는 지옥같은 교도소 쇼생크로 향한다. 인간 말종 쓰레기들만 모인 그곳에서 그는 이루 말할 수 없는 억압과 짐승보다 못한 취급을 당한다. 그러던 어느 날, 간수의 세금을 면제받게 해 준 덕분에 그는 일약 교도소의 비공식 회계사로 일하게 된다. 그 와중에 교도소 소장은 죄수들을 이리저리 부리면서 검은 돈을 긁어 모으고 앤디는 이 돈을 세탁하여 불려주면서 그의 돈을 관리하는데...",38.2504,/qV9BQZdiM8foEzDz0Ag5hGWE5qM.jpg,1994-09-23,쇼생크 탈출,False,8.7,29835
False,/xnHVX37XZEp33hhCbYlQFq7ux1J.jpg,"[18, 10749]",597,en,Titanic,"""내 인생의 가장 큰 행운은 당신을 만난 거야"" 우연한 기회로 티켓을 구해 타이타닉호에 올라탄 자유로운 영혼을 가진 화가 ‘잭’(레오나르도 디카프리오)은 막강한 재력의 약혼자와 함께 1등실에 승선한 ‘로즈’(케이트 윈슬렛)에게 한눈에 반한다. 진실한 사랑을 꿈꾸던 ‘로즈’ 또한 생애 처음 황홀한 감정에 휩싸이고, 둘은 운명 같은 사랑에 빠지는데… 가장 차가운 곳에서 피어난 뜨거운 사랑! 영원히 가라앉지 않는 세기의 사랑이 펼쳐진다!",30.791,/132KjhVrWUqKFVfMAKKNkherytA.jpg,1997-12-18,타이타닉,False,7.903,26845
False,/be5SIsRGMckO8tU9lrLcIik70Dy.jpg,"[27, 14, 10749]",1246049,fr,Dracula,"거장 뤽 베송이 선사하는 전설의 화려한 부활, 그 태초의 이야기. 15세기, 신을 위해 칼을 들고 전장을 누비던 왕자 '블라드'. 하지만 신은 그의 헌신에 대한 대가로 가장 사랑하는 여인을 죽음으로 몰아넣는다. 찢어질 듯한 슬픔과 배신감에 사로잡힌 그는 십자가를 부수고 신을 저주하며, 영원히 죽지 못하는 어둠의 길을 선택한다. 피를 마시며 영겁의 시간을 견뎌온 괴물, 드라큘라. 세기를 넘어 다시금 그에게 운명처럼 찾아온 사랑의 흔적은 그를 광기와 열망의 소용돌이로 몰아넣는다. ""내 사랑을 앗아간 신에게 복수하고, 영원 속에서 당신을 다시 찾으리라."" 칸 영화제 남우주연상 수상자 케일럽 랜드리 존스와 크리스토프 왈츠의 압도적인 연기, 그리고 뤽 베송 감독 특유의 미학적인 비주얼이 만나 탄생한 고딕 판타지. 공포를 넘어선 비극적이고도 아름다운 핏빛 서사시가 당신의 심장을 조여온다. 괴물이 될 수밖에 없었던 한 남자의 처절한 사랑, 그 거대한 비극의 막이 오른다.",31.1197,/hCKkybW6EfSZoOW3xia9ZsQwaUd.jpg,2025-07-30,드라큘라: 어 러브 테일,False,7.123,898
False,/n36zycrAqHn2uzx65IeAdnsZcMj.jpg,"[35, 18]",1159206,en,Father Mother Sister Brother,"미국 북동부, 아일랜드 더블린, 프랑스 파리. 거리만큼 관계도 멀어진 세 가족의 오랜만의 만남을 섬세하고 우아하게 담은 작품.",30.3569,/jid3LHJM91QdHrYFtghsJDLg2HM.jpg,2025-12-01,파더 마더 시스터 브라더,False,6.6,160
False,/4w6nQYAY0eb7B0VVRDXilXcgAUV.jpg,"[80, 27, 9648]",4232,en,Scream,"작은 소도시 우즈버러에 사는 케이시에게 이상한 남자로부터 전화가 걸려온다. 비디오를 보려는 케이시에게 그 남자는 케이시의 남자 친구인 스티브의 목숨을 걸고 게임을 하자고 한다. 케이시가 문제를 맞추면 살고, 틀리면 남자친구가 죽는다. 문제는 '13일의 금요일'에 나오는 살인마의 이름을 맞추는 것. 케이시는 문제를 풀지 못하고, 스티브는 처참하게 죽임을 당한다. 이튿날, 혼자 집에 있는 시드니에게도 이상한 전화가 걸려온다. 시드니는 케이시와는 달리 힘들게 괴전화의 마수에서 빠져 나온다. 그러나 시드니의 남자 친구 빌리가 살인 용의자로 체포되는데, 조사 후 무혐의로 풀려난다.",33.7602,/fvprcRjlvrgok1rvOJN4NY8Uqba.jpg,1996-12-20,스크림,False,7.4,7731
